text,product
"Livraison rapide et produit conforme, je recommande !",Casque Bluetooth
"Le son est excellent mais la batterie tient à peine 3 heures.",Casque Bluetooth
"Produit arrivé cassé, service client injoignable. Très déçu.",Casque Bluetooth
Great quality for the price. Would buy again.,Montre connectée
"The strap broke after one week, terrible.",Montre connectée
"It's ok, nothing special.",Montre connectée
المنتج رائع جدا والتوصيل كان سريعا,Montre connectée
الجودة سيئة ولن أشتري مرة أخرى,Tapis de yoga
"Correct, sans plus.",Tapis de yoga
"Antidérapant, épais, parfait pour mes séances.",Tapis de yoga
"Livraison rapide et produit conforme, je recommande !",Casque Bluetooth
